Agricola Pargan SA de CV,19,160000023,open,2016
"Fresh Pac, Int'l",20,160000024,open,2016
Fruvas S.de R.L. de C.V.,21,160000025,open,2016
Hill Ranch,22,160000026,open,2016
"Nature's Choice Produce, Inc.",23,160000027,open,2016
San Vicente Camalu ,24,160000028,open,2016
Empaque Dos Amigos-Fortino Heredia  ,25,160000029,open,2016
Sarabia Strawberries,26,160000030,open,2016
Sundance Berry F.-Agricola Baja A&W,27,160000031,open,2016
"Alvarado, Jesus",28,160000032,open,2016
Be Wise Farms-Bill Brammar,29,160000033,open,2016
Bonsall Farms,30,160000034,open,2016
"Camarillo, Sergio",31,160000035,open,2016
"Chavez, Ezequiel",32,160000036,open,2016
"Chino-Nojo, Inc.",33,160000037,open,2016
"Decasas, Mike",34,160000038,open,2016
Dole Berry/Milagro Organic,35,160000039,open,2016
Dole Berry/Milagro-Coachella,36,160000040,open,2016
Duncan Family Farms T. Flewell Az.,37,160000041,open,2016
"Encarnasion, Gregorio",38,160000042,open,2016
Esquivias Farms- George,39,160000043,open,2016
"Etchandy Farms, Mike",40,160000044,open,2016
"Garcia, Peter",41,160000045,open,2016
"Isarrarus, Margarita-Saul",42,160000046,open,2016
"Isarrarus, Rafael",43,160000047,open,2016
"Jacinto Farms, Larry",44,160000048,open,2016
J.M. Farming-J. Magallon,45,160000049,open,2016
Magarro Farms,46,160000050,open,2016
"Manassero Farms, Rich",47,160000051,open,2016
"Manassero, John",48,160000052,open,2016
Moses Farms,49,160000053,open,2016
Natures Best Farm     est.,50,160000054,open,2016
"Nagata, Neal",51,160000055,open,2016
Noel Farms-Hi,52,160000056,open,2016
"Ortega, Manuel",53,160000057,open,2016
Rincon Fresh-Coachella Sorrento BF,54,160000058,open,2016
Star Berry Farm-Steve Rudy,55,160000059,open,2016
Tapia Bros.,56,160000060,open,2016
"Torres, Gaspar",57,160000061,open,2016
"Torres, Jose",58,160000062,open,2016
United Greenhouse-Ari Canellos,59,160000063,open,2016
"Yasukochi, Kerry",60,160000064,open,2016
Ayala Farms-Victor Hernandez,61,160000065,open,2016
CJJ Farming-Oxn,62,160000066,open,2016
Cal Giant/Rio Mesa Farms,63,160000067,open,2016
Camarillo Berry Farm-Bill Reiman,64,160000068,open,2016
Central West Produce/Oxn,65,160000069,open,2016
Channel Island Berry ?,66,160000070,open,2016
Cuevas Farms-Arnulfo Cuevas,67,160000071,open,2016
Dole Berry/DB South,68,160000072,open,2016
Eclipse Berry Farm-Oxn.,69,160000073,open,2016
Emerald Mist Farms-Keith Ford,70,160000074,open,2016
"Etchandy Farms, Mike",71,160000075,open,2016
Faria Farms-Glen Hasegawa-Dole,72,160000076,open,2016
Fukutomi Farms,73,160000077,open,2016
Givens Organically Grown,74,160000078,open,2016
Palmas Produce,75,160000079,open,2016
Island Feed and Seed,76,160000080,open,2016
Ito Bros,77,160000081,open,2016
Junior Farms,78,160000082,open,2016
"Mixtekz Berries, Inc-Jaime Lopez",79,160000083,open,2016
"Nakamura, JY Nat.",80,160000084,open,2016
"Nakamura, Linda",81,160000085,open,2016
Naturipe/DW Berry Farm,82,160000086,open,2016
Organic Berries-Steve Maguire,83,160000087,open,2016
Rincon Fresh-Oxn Sorrento BF-Oxn,84,160000088,open,2016
SoCal Berry Growers-Convent-K Ford,85,160000089,open,2016
SoCal Berry Growers-Organic,86,160000090,open,2016
Success Valley Produce,87,160000091,open,2016
Sundance Berry Farm-Oxn,88,160000092,open,2016
Surfside/Beach Street Farms,89,160000093,open,2016
West Coast Berry Farms-Jones,90,160000094,open,2016
Agro Jal Farms-Hijino Nat,91,160000095,open,2016
Big F Company - Francisco Contreras,92,160000096,open,2016
Big J Produce Nat,93,160000097,open,2016
CJJ Farming-SM,94,160000098,open,2016
Cal Giant/Aquistapace Farms,95,160000099,open,2016
Cal Giant/La Cuesta Farms,96,160000100,open,2016
Cal Giant/Providence Farms,97,160000101,open,2016
Cal Giant/Rocha Bros-SM,98,160000102,open,2016
Cal Giant/Spring Harvest,99,160000103,open,2016
Cardenas Bros. Farming Nat,100,160000104,open,2016
Central West Produce,101,160000105,open,2016
Daren's Berries,102,160000106,open,2016
DG Berry Greg France,103,160000107,open,2016
Diaz & Son,104,160000108,open,2016
DL Farming- CG,105,160000109,open,2016
Dole Berry/Milagro-SM,106,160000110,open,2016
Mar Vista Farm,107,160000111,open,2016
Eclipse/Rosalyn Farms-SM,108,160000112,open,2016
"Hernandez Farming, Alvaro-Dole",109,160000113,open,2016
"Hernandez, Ruth-Jesus",110,160000114,open,2016
"Higuera Farms, Inc- Rodrigo Contreras",111,160000115,open,2016
JMC Farming,112,160000116,open,2016
Ixtapa Farms-Juan Sanchez,113,160000117,open,2016
L&G Farming Nat,114,160000118,open,2016
La Fuente Farming,115,160000119,open,2016
"La Palma Farms, Inc. Alfredo Contreras",116,160000120,open,2016
Main Street Farms,117,160000121,open,2016
Mesa View Produce-Albert Cardenas,118,160000122,open,2016
"Monte J Farming, Inc. Jorge Contreras",119,160000123,open,2016
"Naturipe/Contreras, Homero",120,160000124,open,2016
Naturiipe/Cresencio Huitron,121,160000125,open,2016
Naturipe/La Cuesta ,122,160000126,open,2016
Naturipe/Realito Farms-R. Gomez,123,160000127,open,2016
New Hope Harvessting-L. Gaspar,124,160000128,open,2016
Okui Farms,125,160000129,open,2016
Pacific Coast Produce-Joe Doud,126,160000130,open,2016
Red Blossom Farms,127,160000131,open,2016
Rincon Fresh-SM Sorrento BF-SM,128,160000132,open,2016
River Edge Farms-Joe Doud,129,160000133,open,2016
"Savino Farms, Inc-Gabriel Contreras",130,160000134,open,2016
Success Valley Produce-SM,131,160000135,open,2016
Sundance Berry Farm,132,160000136,open,2016
We Love Berries,133,160000137,open,2016
Windset Farms,134,160000138,open,2016
Wish Farms,135,160000139,open,2016
Florida orders,136,160000140,open,2016
Dole Fresh Vegetables-Sweetwater,137,160000141,open,2016
BBI Produce-Ron Young,138,160000142,open,2016
"Froberg Farms, Alford, Tex",139,160000143,open,2016
Landry-Poche Strawberry F.,140,160000144,open,2016
"Whisnazki, Gary",141,160000145,open,2016
Alba Organics,142,160000146,open,2016
A. F. Farms,143,160000147,open,2016
Blazer-Wilkinson,144,160000148,open,2016
Cal Giant/Coastal View Farms,145,160000149,open,2016
Cal Giant/IMR Farming,146,160000150,open,2016
Cal Giant/Morgan Farms,147,160000151,open,2016
Cal Giant/Rio Mesa Farm- Matulich,148,160000152,open,2016
Cal Giant/Providence Farms,149,160000153,open,2016
Cal Giant/Rocha Bros,150,160000154,open,2016
Cal Giant/Rocha Jr. Berry Farms,151,160000155,open,2016
Cal Giant/Sakakihara Farms,152,160000156,open,2016
Cal Giant/TBS Farms,153,160000157,open,2016
Cal Giant/USA Berry Farms-M. Ramirez,154,160000158,open,2016
Cal Giant/Vince Matulich Farms,155,160000159,open,2016
Central West Produce-Salinas,156,160000160,open,2016
Dole Berry/DB North-Conventional,157,160000161,open,2016
Madison Berry Farms,158,160000162,open,2016
Dole Berry/DB North Organic,159,160000163,open,2016
Eclipse Berry Farm/Harvest Moon,160,160000164,open,2016
EKT Farms-Ed Kelly,161,160000165,open,2016
Fernandez Bros Nat,162,160000166,open,2016
Florentino Collazo,163,160000167,open,2016
"Gema Berry Farms - Garcia, Jose",164,160000168,open,2016
"Garcia, Santiago ",165,160000169,open,2016
Gonzalez Organic Farm,166,160000170,open,2016
Healthy Harvest ,167,160000171,open,2016
Huntington Farms,168,160000172,open,2016
"Martinez, Domatila",169,160000173,open,2016
"Martinez, Rodolfo",170,160000174,open,2016
"Melgozas Farm, Enrique Melgoza - CG",171,160000175,open,2016
"J. Melgoza Farms, Jose Melgoza - CG",172,160000176,open,2016
Mendoza Berry Farms- E. Mendoza,173,160000177,open,2016
Naturipe/Elkhorn Berry Farm,174,160000178,open,2016
"Nunez, Guilebaldo",175,160000179,open,2016
Ortega Berry Farm ,176,160000180,open,2016
Pacific Coast Berry,177,160000181,open,2016
Pacific Gold Farms Nat,178,160000182,open,2016
PK Farms- Paul Tao,179,160000183,open,2016
PV Farms- ? Kelly Nat,180,160000184,open,2016
"Ramirez, Jr. Berry Farms CG",181,160000185,open,2016
"R&R Farms, R. Garcia Nat",182,160000186,open,2016
Rickys Farm-R. Ortiz Nat,183,160000187,open,2016
"Rocha, Francisco",184,160000188,open,2016
Rodriquez Farms,185,160000189,open,2016
"Cal Giant - Seabreeze Farms, LLC",186,160000190,open,2016
Sunny Berry Farms-Fidel Lopez,187,160000191,open,2016
Sunny Hils Farms-Cristobal Ramirez,188,160000192,open,2016
Springfield Farms,189,160000193,open,2016
Sundance Berry Farms A&W,190,160000194,open,2016
Surfside/Beach Street Farms,191,160000195,open,2016
Sunrise Farms-JL Montanez Nat,192,160000196,open,2016
Tony's Organic Farm,193,160000197,open,2016
"Tuohig, Chris",194,160000198,open,2016
Valley Berry Farm-F. Tapia Nat,195,160000199,open,2016
Watsonville Berry Co op ,196,160000200,open,2016
Cal Giant/Wysiwyg Farms-Dean Sakae,197,160000201,open,2016
