{
  "variety":"MacDoel Albion",
  "prorate":"80%",
  "total":{
    "order":"83,491,500",
    "prorated":"66,793,200",
    "deliveredPc":"99%",
    "delivered":"66,270,000",
    "balance":"5,838,800",
    "over":"5,315,600"
  },
  "orders":[
    {
      "name":"Independent",
      "order":"21,941,000",
      "prorated":"17,552,800",
      "deliveredPc":"97%",
      "delivered":"17,082,000",
      "summaryClass":"summaryClass"
    },
    {
      "name":"Blazer-Wilkinson LP",
      "order":"1,200,000",
      "prorated":"960,000",
      "deliveredPc":"98%",
      "delivered":"945,000",
      "balance":"15,000"
    },
    {
      "name":"Collazo, Florentino",
      "order":"10,500",
      "prorated":"8,400",
      "deliveredPc":"36%",
      "delivered":"3,000",
      "balance":"5,400"
    },
    {
      "name":"Corralitos Berry Farms",
      "order":"976,000",
      "prorated":"780,800",
      "deliveredPc":"69%%",
      "delivered":"675,000",
      "balance":"105,800"
    },
    {
      "name":"EKT Ed Kelly",
      "order":"1,500,000",
      "prorated":"1,200,000",
      "deliveredPc":"125%",
      "delivered":"1,500,000",
      "balance":"-300,000"
    },

    {
      "name":"Naturipe",
      "order":"22,412,500",
      "prorated":"17,930,000",
      "deliveredPc":"96%",
      "delivered":"17,212,500",
      "summaryClass":"summaryClass"
    },
    {
      "name":"A&A Farms",
      "order":"472,500",
      "prorated":"378,000",
      "deliveredPc":"95%",
      "delivered":"360,000",
      "balance":"18,000"
    },
    {
      "name":"Berry Valley",
      "order":"1,150,500",
      "prorated":"920,400",
      "deliveredPc":"103%",
      "delivered":"945,000",
      "balance":"-24,600"
    },
    {
      "name":"Fernandez Brothers Inc.",
      "order":"9,000,000",
      "prorated":"7,200,000",
      "deliveredPc":"89%",
      "delivered":"6,412,500",
      "balance":"787,500"
    },
    {
      "name":"Fernandez, Salvador",
      "order":"630,500",
      "prorated":"504,400",
      "deliveredPc":"98%",
      "delivered":"495,000",
      "balance":"9,400"
    }
  ]

}