Agricola Pargan SA de CV,bc,baja california,
"Fresh Pac, Int'l",bc,baja california,
Fruvas S.de R.L. de C.V.,bc,baja california,
Hill Ranch,bc,baja california,
"Nature's Choice Produce, Inc.",bc,baja california,
San Vicente Camalu ,bc,baja california,
Empaque Dos Amigos-Fortino Heredia  ,bc,baja california,
Sarabia Strawberries,bc,baja california,
Sundance Berry F.-Agricola Baja A&W,bc,baja california,
"Alvarado, Jesus",oc,orange county,
Be Wise Farms-Bill Brammar,oc,orange county,
Bonsall Farms,oc,orange county,
"Camarillo, Sergio",oc,orange county,
"Chavez, Ezequiel",oc,orange county,
"Chino-Nojo, Inc.",oc,orange county,
"Decasas, Mike",oc,orange county,
Dole Berry/Milagro Organic,oc,orange county,Dole
Dole Berry/Milagro-Coachella,oc,orange county,Dole
Duncan Family Farms T. Flewell Az.,oc,orange county,
"Encarnasion, Gregorio",oc,orange county,
Esquivias Farms- George,oc,orange county,
"Etchandy Farms, Mike",oc,orange county,
"Garcia, Peter",oc,orange county,
"Isarrarus, Margarita-Saul",oc,orange county,
"Isarrarus, Rafael",oc,orange county,
"Jacinto Farms, Larry",oc,orange county,
J.M. Farming-J. Magallon,oc,orange county,
Magarro Farms,oc,orange county,
"Manassero Farms, Rich",oc,orange county,
"Manassero, John",oc,orange county,
Moses Farms,oc,orange county,
Natures Best Farm     est.,oc,orange county,
"Nagata, Neal",oc,orange county,
Noel Farms-Hi,hi,hawaii,
"Ortega, Manuel",oc,orange county,
Rincon Fresh-Coachella Sorrento BF,oc,orange county,
Star Berry Farm-Steve Rudy,oc,orange county,
Tapia Bros.,oc,orange county,
"Torres, Gaspar",oc,orange county,
"Torres, Jose",oc,orange county,
United Greenhouse-Ari Canellos,oc,orange county,
"Yasukochi, Kerry",oc,orange county,
Ayala Farms-Victor Hernandez,ox,oxnard,
CJJ Farming-Oxn,ox,oxnard,
Cal Giant/Rio Mesa Farms,ox,oxnard,Cal Giant
Camarillo Berry Farm-Bill Reiman,ox,oxnard,
Central West Produce/Oxn,ox,oxnard,
Channel Island Berry ?,ox,oxnard,
Cuevas Farms-Arnulfo Cuevas,ox,oxnard,
Dole Berry/DB South,ox,oxnard,Dole
Eclipse Berry Farm-Oxn.,ox,oxnard,
Emerald Mist Farms-Keith Ford,ox,oxnard,
"Etchandy Farms, Mike",ox,oxnard,
Faria Farms-Glen Hasegawa-Dole,ox,oxnard,
Fukutomi Farms,ox,oxnard,
Givens Organically Grown,ox,oxnard,
Palmas Produce,ox,oxnard,
Island Feed and Seed,ox,oxnard,
Ito Bros,ox,oxnard,
Junior Farms,ox,oxnard,
"Mixtekz Berries, Inc-Jaime Lopez",ox,oxnard,
"Nakamura, JY Nat.",ox,oxnard,
"Nakamura, Linda",ox,oxnard,
Naturipe/DW Berry Farm,ox,oxnard,Naturipe
Organic Berries-Steve Maguire,ox,oxnard,
Rincon Fresh-Oxn Sorrento BF-Oxn,ox,oxnard,
SoCal Berry Growers-Convent-K Ford,ox,oxnard,
SoCal Berry Growers-Organic,ox,oxnard,
Success Valley Produce,ox,oxnard,
Sundance Berry Farm-Oxn,ox,oxnard,
Surfside/Beach Street Farms,ox,oxnard,
West Coast Berry Farms-Jones,ox,oxnard,
Agro Jal Farms-Hijino Nat,sm,santa maria,
Big F Company - Francisco Contreras,sm,santa maria,
Big J Produce Nat,sm,santa maria,
CJJ Farming-SM,sm,santa maria,
Cal Giant/Aquistapace Farms,sm,santa maria,Cal Giant
Cal Giant/La Cuesta Farms,Sm,santa maria,Cal Giant
Cal Giant/Providence Farms,sm,santa maria,Cal Giant
Cal Giant/Rocha Bros-SM,sm,santa maria,Cal Giant
Cal Giant/Spring Harvest,sm,santa maria,Cal Giant
Cardenas Bros. Farming Nat,sm,santa maria,
Central West Produce,sm,santa maria,
Daren's Berries,sm,santa maria,
DG Berry Greg France,sm,santa maria,
Diaz & Son,sm,santa maria,
DL Farming- CG,sm,santa maria,
Dole Berry/Milagro-SM,sm,santa maria,Dole
Mar Vista Farm,sm,santa maria,
Eclipse/Rosalyn Farms-SM,sm,santa maria,
"Hernandez Farming, Alvaro-Dole",sm,santa maria,
"Hernandez, Ruth-Jesus",sm,santa maria,
"Higuera Farms, Inc- Rodrigo Contreras",sm,santa maria,
JMC Farming,sm,santa maria,
Ixtapa Farms-Juan Sanchez,sm,santa maria,
L&G Farming Nat,sm,santa maria,
La Fuente Farming,sm,santa maria,
"La Palma Farms, Inc. Alfredo Contreras",sm,santa maria,
Main Street Farms,sm,santa maria,
Mesa View Produce-Albert Cardenas,sm,santa maria,
"Monte J Farming, Inc. Jorge Contreras",sm,santa maria,
"Naturipe/Contreras, Homero",sm,santa maria,Naturipe
Naturiipe/Cresencio Huitron,sm,santa maria,Naturipe
Naturipe/La Cuesta ,sm,santa maria,Naturipe
Naturipe/Realito Farms-R. Gomez,sm,santa maria,Naturipe
New Hope Harvessting-L. Gaspar,sm,santa maria,
Okui Farms,sm,santa maria,
Pacific Coast Produce-Joe Doud,sm,santa maria,
Red Blossom Farms,sm,santa maria,
Rincon Fresh-SM Sorrento BF-SM,sm,santa maria,
River Edge Farms-Joe Doud,sm,santa maria,
"Savino Farms, Inc-Gabriel Contreras",sm,santa maria,
Success Valley Produce-SM,sm,santa maria,
Sundance Berry Farm,sm,santa maria,
We Love Berries,sm,santa maria,
Windset Farms,sm,santa maria,
Wish Farms,sm,santa maria,
Florida orders,fl,florida,
Dole Fresh Vegetables-Sweetwater,fl,florida,
BBI Produce-Ron Young,fl,florida,
"Froberg Farms, Alford, Tex",Tx,texas,
Landry-Poche Strawberry F.,La,louisiana,
"Whisnazki, Gary",fl,florida,
Alba Organics,wt,watsonville,
A. F. Farms,wt,watsonville,
Blazer-Wilkinson,wt,watsonville,
Cal Giant/Coastal View Farms,Wt,watsonville,Cal Giant
Cal Giant/IMR Farming,wt,watsonville,Cal Giant
Cal Giant/Morgan Farms,wt,watsonville,Cal Giant
Cal Giant/Rio Mesa Farm- Matulich,wt ,watsonville,Cal Giant
Cal Giant/Providence Farms,wt,watsonville,Cal Giant
Cal Giant/Rocha Bros,wt,watsonville,Cal Giant
Cal Giant/Rocha Jr. Berry Farms,wt,watsonville,Cal Giant
Cal Giant/Sakakihara Farms,wt,watsonville,Cal Giant
Cal Giant/TBS Farms,wt,watsonville,Cal Giant
Cal Giant/USA Berry Farms-M. Ramirez,wt,watsonville,Cal Giant
Cal Giant/Vince Matulich Farms,wt,watsonville,Cal Giant
Central West Produce-Salinas,wt,watsonville,
Dole Berry/DB North-Conventional,wt,watsonville,Dole
Madison Berry Farms,wt,watsonville,
Dole Berry/DB North Organic,wt,watsonville,Dole
Eclipse Berry Farm/Harvest Moon,wt,watsonville,
EKT Farms-Ed Kelly,wt,watsonville,
Fernandez Bros Nat,wt,watsonville,
Florentino Collazo,wt,watsonville,
"Gema Berry Farms - Garcia, Jose",wt,watsonville,
"Garcia, Santiago ",wt,watsonville,
Gonzalez Organic Farm,wt,watsonville,
Healthy Harvest ,wt,watsonville,
Huntington Farms,wt,watsonville,
"Martinez, Domatila",wt,watsonville,
"Martinez, Rodolfo",wt,watsonville,
"Melgozas Farm, Enrique Melgoza - CG",wt,watsonville,
"J. Melgoza Farms, Jose Melgoza - CG",wt,watsonville,
Mendoza Berry Farms- E. Mendoza,wt,watsonville,
Naturipe/Elkhorn Berry Farm,wt,watsonville,
"Nunez, Guilebaldo",wt,watsonville,
Ortega Berry Farm ,wt,watsonville,
Pacific Coast Berry,wt,watsonville,
Pacific Gold Farms Nat,wt,watsonville,
PK Farms- Paul Tao,wt,watsonville,
PV Farms- ? Kelly Nat,wt,watsonville,
"Ramirez, Jr. Berry Farms CG",wt,watsonville,
"R&R Farms, R. Garcia Nat",wt,watsonville,
Rickys Farm-R. Ortiz Nat,wt,watsonville,
"Rocha, Francisco",wt,watsonville,
Rodriquez Farms,wt,watsonville,
"Cal Giant - Seabreeze Farms, LLC",wt,watsonville,
Sunny Berry Farms-Fidel Lopez,wt,watsonville,
Sunny Hils Farms-Cristobal Ramirez,wt,watsonville,
Springfield Farms,wt,watsonville,
Sundance Berry Farms A&W,wt,watsonville,
Surfside/Beach Street Farms,wt,watsonville,
Sunrise Farms-JL Montanez Nat,wt,watsonville,
Tony's Organic Farm,wt,watsonville,
"Tuohig, Chris",wt,watsonville,
Valley Berry Farm-F. Tapia Nat,wt,watsonville,
Watsonville Berry Co op ,wt,watsonville,
Cal Giant/Wysiwyg Farms-Dean Sakae,wt,watsonville,Cal Giant
