[{
  "orderId":1,
  "deliveryNumber":"20657051",
  "boxes":52,
  "plants":78000,
  "variety":"MacDoel Camarosa",
  "orderDate":"10/13/06",
  "orderMonth":"June",
  "client":{
    "clientId": 1,
    "countyShort": "bc",
    "county": "Baja California",
    "name": "Agricola Pargan SA de CV",
    "address": "181 Parkview Ave\nDaly City, CA, 94014",
    "contact": "Felix A. Guerrero",
    "phone": "808-428-7804",
    "fax": "",
    "email": "andrewIto@planasa.us",
    "notes": ""
  },
  "fulfillments":[
    {
      "deliveryNumber":"20657051",
      "fulfillmentId":1,
      "deliveryDate":"10/15/16",
      "boxes":"50",
      "plants":"75,000",
      "variety":"MacDoel Camarosa",
      "field":"lcn6",
      "cooler":"Magarro Cooler",
      "truck":"4",
      "shed":"mt",
      "notes":""
    },
    {
      "deliveryNumber":"20657051",
      "fulfillmentId":2,
      "deliveryDate":"10/17/16",
      "boxes":"2",
      "plants":"3,000",
      "variety":"MacDoel Camarosa",
      "field":"lcn6",
      "cooler":"Magarro Cooler",
      "truck":"31",
      "shed":"rd",
      "notes":""
    }
  ]
},
{
  "orderId":2,
  "deliveryNumber":"20657052",
  "boxes":10,
  "plants":15000,
  "variety":"MacDoel Albion",
  "orderDate":"10/15/06",
  "orderMonth":"June",
  "notes":"first line of notes\nsecond line",
  "client":{
    "clientId": 1,
    "countyShort": "bc",
    "county": "Baja California",
    "name": "Agricola Pargan SA de CV",
    "address": "181 Parkview Ave\nDaly City, CA, 94014",
    "contact": "Felix A. Guerrero",
    "phone": "808-428-7804",
    "fax": "",
    "email": "andrewIto@planasa.us",
    "notes": ""
  }
},
{
  "orderId":3,
  "deliveryNumber":"20657053",
  "boxes":20,
  "plants":30000,
  "variety":"McArthur Camarosa",
  "orderDate":"10/17/06",
  "orderMonth":"June",
  "notes":"their first order",
  "client":{
    "clientId": 1,
    "countyShort": "bc",
    "county": "Baja California",
    "name": "Agricola Pargan SA de CV",
    "address": "181 Parkview Ave\nDaly City, CA, 94014",
    "contact": "Felix A. Guerrero",
    "phone": "808-428-7804",
    "fax": "",
    "email": "andrewIto@planasa.us",
    "notes": ""
  }
},
{
  "orderId":4,
  "deliveryNumber":"20657054",
  "boxes":10,
  "plants":15000,
  "variety":"MacDoel Albion",
  "orderDate":"10/10/06",
  "orderMonth":"July",
  "notes":"notes for 4",
  "client":{
    "clientId": 2,
    "countyShort": "bc",
    "county": "Baja California",
    "name": "Fresh Pac, Int",
    "address": "1031 Ilima Dr\nHonolulu Hi, 96817",
    "contact": "Eva C. Jackson",
    "phone": "808-469-9948",
    "fax": "",
    "email": "notAndrew@planasa.us",
    "notes": ""
  },
  "fulfillments":[
    {
      "deliveryNumber":"20657053",
      "fulfillmentId":3,
      "deliveryDate":"10/18/16",
      "boxes":"10",
      "plants":"15,000",
      "variety":"MacDoel Camarosa",
      "field":"lcn4",
      "cooler":"Slater & Newhope",
      "truck":"44",
      "shed":"rd",
      "notes":""
    },
    {
      "deliveryNumber":"20657053",
      "fulfillmentId":4,
      "deliveryDate":"10/18/16",
      "boxes":"20",
      "plants":"30,000",
      "variety":"MacDoel Camarosa",
      "field":"vt53",
      "cooler":"Fountain Valley",
      "truck":"72",
      "shed":"rd",
      "notes":""
    },
    {
      "deliveryNumber":"20657053",
      "fulfillmentId":5,
      "deliveryDate":"10/19/16",
      "boxes":"2",
      "plants":"3,000",
      "variety":"McArthur Camarosa",
      "field":"lcn4",
      "cooler":"Slater & Newhope",
      "truck":"44",
      "shed":"rd",
      "notes":""
    }
  ]
}
]