[
  {
    "clientId": 1,
    "countyShort": "bc",
    "county": "Baja California",
    "name": "Agricola Pargan SA de CV",
    "address": "181 Parkview Ave\nDaly City, CA, 94014",
    "contact": "Felix A. Guerrero",
    "phone": "808-428-7804",
    "fax": "",
    "email": "andrewIto@planasa.us",
    "notes": ""
  },
  {
    "clientId": 2,
    "countyShort": "bc",
    "county": "Baja California",
    "name": "Fresh Pac, Int",
    "address": "1031 Ilima Dr\nHonolulu Hi, 96817",
    "contact": "Eva C. Jackson",
    "phone": "808-469-9948",
    "fax": "",
    "email": "notAndrew@planasa.us",
    "notes": ""
  },
  {
    "clientId": 3,
    "countyShort": "oc",
    "county": "Orange County",
    "name": "Be Wise Farms-Bill Brammar",
    "address": "",
    "contact": "Rosanna D. Rosenbaum",
    "phone": "519-321-4774",
    "fax": "",
    "email": "andrewIto@planasa.us",
    "notes": "Was shorted 2014"
  },
  {
    "clientId": 4,
    "countyShort": "bc",
    "county": "Baja California",
    "name": "d",
    "address": "181 Parkview Ave\nDaly City, CA, 94014",
    "contact": "Felix A. Guerrero",
    "phone": "808-428-7804",
    "fax": "",
    "email": "andrewIto@planasa.us",
    "notes": ""
  },
  {
    "clientId": 5,
    "countyShort": "bc",
    "county": "Baja California",
    "name": "e",
    "address": "1031 Ilima Dr\nHonolulu Hi, 96817",
    "contact": "Eva C. Jackson",
    "phone": "808-469-9948",
    "fax": "",
    "email": "notAndrew@planasa.us",
    "notes": ""
  },
  {
    "clientId": 6,
    "countyShort": "oc",
    "county": "Orange County",
    "name": "f",
    "address": "",
    "contact": "Rosanna D. Rosenbaum",
    "phone": "519-321-4774",
    "fax": "",
    "email": "andrewIto@planasa.us",
    "notes": "Was shorted 2014"
  },
  {
    "clientId": 7,
    "countyShort": "bc",
    "county": "Baja California",
    "name": "g",
    "address": "181 Parkview Ave\nDaly City, CA, 94014",
    "contact": "Felix A. Guerrero",
    "phone": "808-428-7804",
    "fax": "",
    "email": "andrewIto@planasa.us",
    "notes": ""
  },
  {
    "clientId": 8,
    "countyShort": "bc",
    "county": "Baja California",
    "name": "h",
    "address": "1031 Ilima Dr\nHonolulu Hi, 96817",
    "contact": "Eva C. Jackson",
    "phone": "808-469-9948",
    "fax": "",
    "email": "notAndrew@planasa.us",
    "notes": ""
  },
  {
    "clientId": 3,
    "countyShort": "oc",
    "county": "Orange County",
    "name": "i",
    "address": "",
    "contact": "Rosanna D. Rosenbaum",
    "phone": "519-321-4774",
    "fax": "",
    "email": "andrewIto@planasa.us",
    "notes": "Was shorted 2014"
  },
  {
    "clientId": 9,
    "countyShort": "bc",
    "county": "Baja California",
    "name": "j",
    "address": "181 Parkview Ave\nDaly City, CA, 94014",
    "contact": "Felix A. Guerrero",
    "phone": "808-428-7804",
    "fax": "",
    "email": "andrewIto@planasa.us",
    "notes": ""
  },
  {
    "clientId": 10,
    "countyShort": "bc",
    "county": "Baja California",
    "name": "k",
    "address": "1031 Ilima Dr\nHonolulu Hi, 96817",
    "contact": "Eva C. Jackson",
    "phone": "808-469-9948",
    "fax": "",
    "email": "notAndrew@planasa.us",
    "notes": ""
  },
  {
    "clientId": 11,
    "countyShort": "oc",
    "county": "Orange County",
    "name": "l",
    "address": "",
    "contact": "Rosanna D. Rosenbaum",
    "phone": "519-321-4774",
    "fax": "",
    "email": "andrewIto@planasa.us",
    "notes": "Was shorted 2014"
  }
]

